"","x"
"1","N14228"
"2","N24211"
"3","N619AA"
"4","N804JB"
"5","N668DN"
"6","N39463"
"7","N516JB"
"8","N829AS"
"9","N593JB"
"10","N3ALAA"
"11","N793JB"
"12","N657JB"
"13","N29129"
"14","N53441"
"15","N3DUAA"
"16","N708JB"
"17","N76515"
"18","N595JB"
"19","N542MQ"
"20","N644JB"
"21","N971DL"
"22","N730MQ"
"23","N633AA"
"24","N3739P"
"25","N53442"
"26","N9EAMQ"
"27","N532UA"
"28","N635JB"
"29","N794JB"
"30","N326NB"
"31","N807AW"
"32","N3EMAA"
"33","N459UA"
"34","N11107"
"35","N518MQ"
"36","N535UW"
"37","N3BAAA"
"38","N33289"
"39","N3CYAA"
"40","N273WN"
"41","N426US"
"42","N13553"
"43","N3GKAA"
"44","N709JB"
"45","N805JB"
"46","N497UA"
"47","N178US"
"48","N75435"
"49","N796JB"
"50","N569UA"
"51","N38727"
"52","N558JB"
"53","N178JB"
"54","N327NW"
"55","N3763D"
"56","N705TW"
"57","N997DL"
"58","N4WNAA"
"59","N5FMAA"
"60","N722MQ"
"61","N24212"
"62","N318NB"
"63","N6703D"
"64","N627VA"
"65","N3EKAA"
"66","N646JB"
"67","N998DL"
"68","N838UA"
"69","N77296"
"70","N779JB"
"71","N26226"
"72","N651JB"
"73","N3ETAA"
"74","N841UA"
"75","N978AT"
"76","N562JB"
"77","N514UA"
"78","N541AA"
"79","N594AS"
"80","N4WRAA"
"81","N37462"
"82","N488UA"
"83","N635VA"
"84","N304JB"
"85","N563JB"
"86","N37456"
"87","N552JB"
"88","N625JB"
"89","N4WPAA"
"90","N37408"
"91","N633JB"
"92","N338AA"
"93","N624JB"
"94","N3760C"
"95","N336AA"
"96","N24224"
"97","N508MQ"
"98","N325US"
"99","N511UA"
"100","N543UW"
"101","N3HMAA"
"102","N935DL"
"103","N789SW"
"104","N645JB"
"105","N955DL"
"106","N317US"
"107","N828MQ"
"108","N206JB"
"109","N3GEAA"
"110","N510UA"
"111","N947DL"
"112","N273JB"
"113","N570JB"
"114","N739MQ"
"115","N308DE"
"116","N14542"
"117","N915XJ"
"118","N349NW"
"119","N11193"
"120","N531MQ"
"121","N654AW"
"122","N17108"
"123","N375NC"
"124","N977AT"
"125","N228JB"
"126","N527JB"
"127","N324US"
"128","N900PC"
"129","N521JB"
"130","N846MQ"
"131","N12540"
"132","N655AW"
"133","N39728"
"134","N573AA"
"135","N292JB"
"136","N3GVAA"
"137","N76522"
"138","N274JB"
"139","N76528"
"140","N554UA"
"141","N75425"
"142","N4YCAA"
"143","N513MQ"
"144","N13969"
"145","N725MQ"
"146","N203FR"
"147","N3BDAA"
"148","N711MQ"
"149","N5FSAA"
"150","N926DL"
"151","N564JB"
"152","N942MQ"
"153","N27724"
"154","N19966"
"155","N361NB"
"156","N39297"
"157","N777QC"
"158","N184JB"
"159","N646DL"
"160","N324AA"
"161","N970DL"
"162","N75426"
"163","N380HA"
"164","N321NB"
"165","N371NB"
"166","N45440"
"167","N737MQ"
"168","N360NB"
"169","N846VA"
"170","N19130"
"171","N820UA"
"172","N532MQ"
"173","N77525"
"174","N281JB"
"175","N17139"
"176","N203JB"
"177","N959UW"
"178","N12216"
"179","N5EXAA"
"180","N5CRAA"
"181","N38403"
"182","N24715"
"183","N517AA"
"184","N810UA"
"185","N596AA"
"186","N568JB"
"187","N216JB"
"188","N346JB"
"189","N527MQ"
"190","N713TW"
"191","N580JB"
"192","N775JB"
"193","N534JB"
"194","N27733"
"195","N951DL"
"196","N11551"
"197","N957WN"
"198","N57439"
"199","N508JB"
"200","N479UA"
"201","N641VA"
"202","N503JB"
"203","N579JB"
"204","N487WN"
"205","N975DL"
"206","N900DE"
"207","N615JB"
"208","N729SW"
"209","N4WJAA"
"210","N525MQ"
"211","N806JB"
"212","N15912"
"213","N306JB"
"214","N12567"
"215","N6EAMQ"
"216","N586UA"
"217","N642AW"
"218","N956DL"
"219","N534UA"
"220","N965DL"
"221","N765US"
"222","N565JB"
"223","N541UW"
"224","N81449"
"225","N503MQ"
"226","N933DL"
"227","N162UW"
"228","N712US"
"229","N820AS"
"230","N399DA"
"231","N942AT"
"232","N14905"
"233","N719MQ"
"234","N3FXAA"
"235","N437UA"
"236","N328AA"
"237","N76508"
"238","N325AA"
"239","N11189"
"240","N625VA"
"241","N77258"
"242","N13955"
"243","N849UA"
"244","N581AA"
"245","N423UA"
"246","N529JB"
"247","N15555"
"248","N667UA"
"249","N76503"
"250","N3AVAA"
"251","N3748Y"
"252","N537MQ"
"253","N520JB"
"254","N920DE"
"255","N11544"
"256","N917DL"
"257","N951UW"
"258","N505SW"
"259","N509MQ"
"260","N451UA"
"261","N630JB"
"262","N339NW"
"263","N521UA"
"264","N3GSAA"
"265","N279JB"
"266","N517UA"
"267","N320NB"
"268","N76502"
"269","N16561"
"270","N469WN"
"271","N587UA"
"272","N590JB"
"273","N376NW"
"274","N169UW"
"275","N14180"
"276","N518UA"
"277","N14118"
"278","N496UA"
"279","N3DEAA"
"280","N343NB"
"281","N856MQ"
"282","N652JB"
"283","N839VA"
"284","N3EYAA"
"285","N999DN"
"286","N39726"
"287","N695CA"
"288","N932AT"
"289","N21144"
"290","N29917"
"291","N712TW"
"292","N8EGMQ"
"293","N322AA"
"294","N969DL"
"295","N904DL"
"296","N16546"
"297","N723MQ"
"298","N13113"
"299","N426AA"
"300","N783SW"
"301","N588UA"
"302","N755US"
"303","N11536"
"304","N13978"
"305","N843VA"
"306","N612JB"
"307","N39418"
"308","N14168"
"309","N239JB"
"310","N21537"
"311","N517MQ"
"312","N573UA"
"313","N545AA"
"314","N342NB"
"315","N254WN"
"316","N14916"
"317","N192JB"
"318","N38459"
"319","N741EV"
"320","N920DL"
"321","N402UA"
"322","N3EGAA"
"323","N297WN"
"324","N14543"
"325","N3BUAA"
"326","N36915"
"327","N711ZX"
"328","N670DN"
"329","N26210"
"330","N3FTAA"
"331","N576UA"
"332","N644DL"
"333","N732SW"
"334","N540UW"
"335","N957UW"
"336","N717JL"
"337","N511AA"
"338","N544AA"
"339","N825UA"
"340","N78511"
"341","N5DMAA"
"342","N773SA"
"343","N177US"
"344","N13538"
"345","N19554"
"346","N537JB"
"347","N58101"
"348","N3736C"
"349","N318US"
"350","N642VA"
"351","N847UA"
"352","N14558"
"353","N13988"
"354","N636JB"
"355","N510JB"
"356","N339AA"
"357","N3CFAA"
"358","N76065"
"359","N900WN"
"360","N13566"
"361","N14105"
"362","N23139"
"363","N344NB"
"364","N13958"
"365","N7704B"
"366","N17128"
"367","N840UA"
"368","N26906"
"369","N748EV"
"370","N6704Z"
"371","N13123"
"372","N895AT"
"373","N456UA"
"374","N37464"
"375","N500MQ"
"376","N502UA"
"377","N835AS"
"378","N15574"
"379","N678CA"
"380","N563UA"
"381","N452UA"
"382","N327NB"
"383","N722TW"
"384","N319NB"
"385","N13908"
"386","N4UCAA"
"387","N5EWAA"
"388","N560UW"
"389","N853MQ"
"390","N8444F"
"391","N920XJ"
"392","N610MQ"
"393","N8409N"
"394","N702TW"
"395","N802UA"
"396","N401UA"
"397","N539UW"
"398","N736MQ"
"399","N15572"
"400","N406UA"
"401","N17984"
"402","N734MQ"
"403","N513UA"
"404","N8631E"
"405","N803MQ"
"406","N76529"
"407","N678DL"
"408","N13914"
"409","N635MQ"
"410","N589AA"
"411","N13750"
"412","N378NW"
"413","N902MQ"
"414","N512UA"
"415","N18112"
"416","N504JB"
"417","N231JB"
"418","N280WN"
"419","N3HYAA"
"420","N607JB"
"421","N69059"
"422","N738US"
"423","N913XJ"
"424","N13975"
"425","N17115"
"426","N226WN"
"427","N372DA"
"428","N342AA"
"429","N319AA"
"430","N14250"
"431","N3750D"
"432","N688DL"
"433","N413UA"
"434","N904XJ"
"435","N994DL"
"436","N21197"
"437","N54241"
"438","N934XJ"
"439","N825AS"
"440","N997AT"
"441","N910XJ"
"442","N3CGAA"
"443","N931XJ"
"444","N918DE"
"445","N606MQ"
"446","N761ND"
"447","N487UA"
"448","N826AS"
"449","N374DA"
"450","N8968E"
"451","N484UA"
"452","N301NB"
"453","N316JB"
"454","N965WN"
"455","N0EGMQ"
"456","N569AA"
"457","N435UA"
"458","N3DYAA"
"459","N712JB"
"460","N362NW"
"461","N76504"
"462","N18119"
"463","N704X"
"464","N550UW"
"465","N630AA"
"466","N361NW"
"467","N599JB"
"468","N847VA"
"469","N14959"
"470","N331NW"
"471","N22909"
"472","N14972"
"473","N649AW"
"474","N258WN"
"475","N507MQ"
"476","N27213"
"477","N16701"
"478","N190JB"
"479","N604LR"
"480","N3BYAA"
"481","N17229"
"482","N14960"
"483","N665JB"
"484","N565AA"
"485","N980DL"
"486","N27962"
"487","N5DRAA"
"488","N626VA"
"489","N3CAAA"
"490","N462WN"
"491","N17105"
"492","N688MQ"
"493","N3FUAA"
"494","N418UA"
"495","N16632"
"496","N188US"
"497","N3730B"
"498","N543UA"
"499","N778SW"
"500","N15986"
"501","N485UA"
"502","N3CVAA"
"503","N263AV"
"504","N539AA"
"505","N507JB"
"506","N713MQ"
"507","N723TW"
"508","N680AW"
"509","N17122"
"510","N386AA"
"511","N557UA"
"512","N377AA"
"513","N13903"
"514","N14120"
"515","N967AT"
"516","N618JB"
"517","N16911"
"518","N329JB"
"519","N3761R"
"520","N369NW"
"521","N8515F"
"522","N661JB"
"523","N658JB"
"524","N8324A"
"525","N525UA"
"526","N764SW"
"527","N523UA"
"528","N14998"
"529","N643DL"
"530","N663JB"
"531","N37274"
"532","N294JB"
"533","N16703"
"534","N359NB"
"535","N75429"
"536","N504MQ"
"537","N510UW"
"538","N31412"
"539","N553AS"
"540","N592JB"
"541","N482UA"
"542","N569JB"
"543","N17185"
"544","N266WN"
"545","N522UA"
"546","N3AXAA"
"547","N3FMAA"
"548","N337NW"
"549","N906XJ"
"550","N460UW"
"551","N3DWAA"
"552","N3772H"
"553","N11119"
"554","N33714"
"555","N8894A"
"556","N18220"
"557","N467UA"
"558","N508UA"
"559","N18120"
"560","N14214"
"561","N594AA"
"562","N3ESAA"
"563","N5BYAA"
"564","N332AA"
"565","N920AT"
"566","N908XJ"
"567","N638VA"
"568","N36207"
"569","N323AA"
"570","N505JB"
"571","N173DZ"
"572","N905WN"
"573","N329NW"
"574","N523JB"
"575","N3758Y"
"576","N14242"
"577","N727TW"
"578","N922DL"
"579","N559JB"
"580","N6710E"
"581","N925XJ"
"582","N432UA"
"583","N633DL"
"584","N3CUAA"
"585","N375DA"
"586","N833AS"
"587","N624AG"
"588","N4XFAA"
"589","N8611A"
"590","N27205"
"591","N3764D"
"592","N909MQ"
"593","N12157"
"594","N327AA"
"595","N18557"
"596","N905XJ"
"597","N580UA"
"598","N632JB"
"599","N835MQ"
"600","N34110"
"601","N640JB"
"602","N11194"
"603","N640VA"
"604","N76523"
"605","N8598B"
"606","N817UA"
"607","N76514"
"608","N836AY"
"609","N11206"
"610","N12218"
"611","N14143"
"612","N3BNAA"
"613","N13718"
"614","N602LR"
"615","N3740C"
"616","N76516"
"617","N14203"
"618","N267JB"
"619","N822UA"
"620","N486UA"
"621","N38268"
"622","N916XJ"
"623","N414UA"
"624","N536JB"
"625","N535JB"
"626","N441UA"
"627","N521MQ"
"628","N14953"
"629","N509SW"
"630","N587JB"
"631","N3738B"
"632","N17245"
"633","N924XJ"
"634","N603JB"
"635","N307JB"
"636","N1EAMQ"
"637","N810MQ"
"638","N198JB"
"639","N284JB"
"640","N5DNAA"
"641","N608JB"
"642","N547JB"
"643","N531JB"
"644","N594JB"
"645","N639JB"
"646","N591JB"
"647","N588JB"
"648","N3EHAA"
"649","N3EVAA"
"650","N621AA"
"651","N493UA"
"652","N637JB"
"653","N3BEAA"
"654","N366NB"
"655","N836AS"
"656","N618DL"
"657","N896AT"
"658","N505UA"
"659","N12225"
"660","N760EV"
"661","N8946A"
"662","N8311Q"
"663","N62631"
"664","N3CRAA"
"665","N832UA"
"666","N387DA"
"667","N915DE"
"668","N5ELAA"
"669","N740EV"
"670","N304DQ"
"671","N235WN"
"672","N629JB"
"673","N19141"
"674","N745VJ"
"675","N461UA"
"676","N445US"
"677","N912DE"
"678","N961WN"
"679","N11565"
"680","N837AW"
"681","N7735A"
"682","N16987"
"683","N545UW"
"684","N807JB"
"685","N37267"
"686","N12996"
"687","N766JB"
"688","N538UW"
"689","N821UA"
"690","N565UW"
"691","N464UA"
"692","N78285"
"693","N5EUAA"
"694","N656JB"
"695","N945UW"
"696","N436AA"
"697","N3JJAA"
"698","N339NB"
"699","N574UA"
"700","N236JB"
"701","N974DL"
"702","N512MQ"
"703","N583JB"
"704","N541US"
"705","N76254"
"706","N33284"
"707","N520MQ"
"708","N592AS"
"709","N529UA"
"710","N982AT"
"711","N3768"
"712","N506JB"
"713","N73291"
"714","N337JB"
"715","N485WN"
"716","N528AA"
"717","N19117"
"718","N468WN"
"719","N533UA"
"720","N902XJ"
"721","N989DL"
"722","N455AA"
"723","N37287"
"724","N79521"
"725","N8869B"
"726","N21130"
"727","N430UA"
"728","N703JB"
"729","N509JB"
"730","N660DL"
"731","N918DL"
"732","N537UW"
"733","N3CNAA"
"734","N309JB"
"735","N995DL"
"736","N487AA"
"737","N837MQ"
"738","N528UA"
"739","N5FTAA"
"740","N322US"
"741","N656AW"
"742","N358NW"
"743","N328NW"
"744","N305DQ"
"745","N335NW"
"746","N339JB"
"747","N586JB"
"748","N3743H"
"749","N73259"
"750","N593AA"
"751","N336NB"
"752","N211FR"
"753","N901XJ"
"754","N3JPAA"
"755","N448UA"
"756","N26549"
"757","N923WN"
"758","N841AY"
"759","N829AY"
"760","N918XJ"
"761","N930XJ"
"762","N35204"
"763","N11547"
"764","N37434"
"765","N213WN"
"766","N338NB"
"767","N710TW"
"768","N5ENAA"
"769","N348NB"
"770","N665DN"
"771","N577UA"
"772","N469UA"
"773","N843UA"
"774","N988DL"
"775","N23708"
"776","N624VA"
"777","N747UW"
"778","N561UA"
"779","N546AA"
"780","N589JB"
"781","N838VA"
"782","N14219"
"783","N651AW"
"784","N936DL"
"785","N24702"
"786","N14102"
"787","N495WN"
"788","N372NW"
"789","N421UA"
"790","N14993"
"791","N353JB"
"792","N812AY"
"793","N403WN"
"794","N707TW"
"795","N12922"
"796","N905DE"
"797","N667AW"
"798","N706JB"
"799","N702UW"
"800","N515MQ"
"801","N547UW"
"802","N3DFAA"
"803","N621JB"
"804","N14704"
"805","N337NB"
"806","N855VA"
"807","N655JB"
"808","N811UA"
"809","N675DL"
"810","N526UA"
"811","N73275"
"812","N3JMAA"
"813","N940DL"
"814","N546MQ"
"815","N67134"
"816","N784JB"
"817","N677UA"
"818","N701GS"
"819","N3BXAA"
"820","N370NW"
"821","N730EV"
"822","N983DL"
"823","N3DLAA"
"824","N738EV"
"825","N8783E"
"826","N77510"
"827","N325NB"
"828","N894AT"
"829","N548AA"
"830","N323NB"
"831","N908DL"
"832","N764US"
"833","N364SW"
"834","N578AA"
"835","N510MQ"
"836","N16919"
"837","N752EV"
"838","N37290"
"839","N927DA"
"840","N486WN"
"841","N502MQ"
"842","N941WN"
"843","N3BHAA"
"844","N4XRAA"
"845","N3751B"
"846","N679DA"
"847","N3FBAA"
"848","N3AUAA"
"849","N8432A"
"850","N185UW"
"851","N334NB"
"852","N936WN"
"853","N301DQ"
"854","N24706"
"855","N291WN"
"856","N13248"
"857","N935AT"
"858","N12125"
"859","N950WN"
"860","N21154"
"861","N41104"
"862","N14153"
"863","N187JB"
"864","N613JB"
"865","N25705"
"866","N31131"
"867","N973DL"
"868","N77066"
"869","N5CYAA"
"870","N917WN"
"871","N14920"
"872","N45905"
"873","N926AT"
"874","N474UA"
"875","N16559"
"876","N830AS"
"877","N721TW"
"878","N7738A"
"879","N38443"
"880","N364NB"
"881","N601MQ"
"882","N320US"
"883","N36247"
"884","N11548"
"885","N3GDAA"
"886","N8501F"
"887","N554AA"
"888","N180US"
"889","N521US"
"890","N718TW"
"891","N4XTAA"
"892","N481UA"
"893","N524JB"
"894","N845MQ"
"895","N8908D"
"896","N707SA"
"897","N3FYAA"
"898","N14107"
"899","N76054"
"900","N37298"
"901","N8416B"
"902","N516MQ"
"903","N760JB"
"904","N751UW"
"905","N3HLAA"
"906","N636MQ"
"907","N87512"
"908","N344AA"
"909","N360NW"
"910","N8390A"
"911","N385DN"
"912","N933XJ"
"913","N322NB"
"914","N601LR"
"915","N10575"
"916","N371CA"
"917","N371DA"
"918","N977DL"
"919","N3CKAA"
"920","N33266"
"921","N627MQ"
"922","N16732"
"923","N16976"
"924","N922XJ"
"925","N17138"
"926","N13968"
"927","N8646A"
"928","N877AS"
"929","N535MQ"
"930","N437AA"
"931","N541UA"
"932","N14115"
"933","N600LR"
"934","N26215"
"935","N3745B"
"936","N15712"
"937","N312US"
"938","N836VA"
"939","N530UA"
"940","N450WN"
"941","N648AW"
"942","N324JB"
"943","N4WTAA"
"944","N523MQ"
"945","N14106"
"946","N3HPAA"
"947","N841VA"
"948","N907XJ"
"949","N442WN"
"950","N3BTAA"
"951","N830UA"
"952","N631AA"
"953","N557AA"
"954","N24633"
"955","N578UA"
"956","N597UA"
"957","N723EV"
"958","N483WN"
"959","N556JB"
"960","N600MQ"
"961","N3CWAA"
"962","N605MQ"
"963","N936AT"
"964","N6707A"
"965","N380DA"
"966","N371AA"
"967","N438UA"
"968","N668AW"
"969","N21129"
"970","N201FR"
"971","N804UA"
"972","N34131"
"973","N519JB"
"974","N598AA"
"975","N3754A"
"976","N15910"
"977","N87513"
"978","N770SA"
"979","N8316H"
"980","N5FFAA"
"981","N597JB"
"982","N839AY"
"983","N17730"
"984","N13550"
"985","N12116"
"986","N3FPAA"
"987","N809JB"
"988","N901WN"
"989","N233LV"
"990","N552AS"
"991","N820AY"
"992","N717TW"
"993","N808UA"
"994","N449US"
"995","N346NB"
"996","N613DL"
"997","N729JB"
"998","N24729"
"999","N552UW"
"1000","N662JB"
"1001","N461WN"
"1002","N8412F"
"1003","N3DNAA"
"1004","N590AA"
"1005","N628VA"
"1006","N971AT"
"1007","N658DL"
"1008","N178DZ"
"1009","N703TW"
"1010","N752SW"
"1011","N3752"
"1012","N76288"
"1013","N73299"
"1014","N73283"
"1015","N335NB"
"1016","N948DL"
"1017","N3ENAA"
"1018","N637DL"
"1019","N407UA"
"1020","N3GRAA"
"1021","N12135"
"1022","N11181"
"1023","N37263"
"1024","N746JB"
"1025","N8516C"
"1026","N689DL"
"1027","N622VA"
"1028","N369NB"
"1029","N14204"
"1030","N503UA"
"1031","N3CEAA"
"1032","N704SW"
"1033","N3GCAA"
"1034","N929AT"
"1035","N605LR"
"1036","N389DA"
"1037","N919XJ"
"1038","N818MQ"
"1039","N829UA"
"1040","N506MQ"
"1041","N539UA"
"1042","N443WN"
"1043","N445UA"
"1044","N454UA"
"1045","N77520"
"1046","N74856"
"1047","N593UA"
"1048","N265JB"
"1049","N368NW"
"1050","N12221"
"1051","N8976E"
"1052","N606JB"
"1053","N821JB"
"1054","N283JB"
"1055","N789JB"
"1056","N13949"
"1057","N759EV"
"1058",NA
"1059","N763JB"
"1060","N172US"
"1061","N618AA"
"1062","N954DL"
"1063","N828AS"
"1064","N526MQ"
"1065","N13995"
"1066","N641DL"
"1067","N8329B"
"1068","N638AA"
"1069","N755EV"
"1070","N365NB"
"1071","N767UW"
"1072","N3ADAA"
"1073","N438US"
"1074","N520UW"
"1075","N565UA"
"1076","N171US"
"1077","N22971"
"1078","N33182"
"1079","N801AW"
"1080","N447WN"
"1081","N403UA"
"1082","N3ERAA"
"1083","N412UA"
"1084","N612QX"
"1085","N18556"
"1086","N526JB"
"1087","N324NB"
"1088","N34455"
"1089","N604DL"
"1090","N952UW"
"1091","N5ETAA"
"1092","N348NW"
"1093","N76269"
"1094","N296JB"
"1095","N7740A"
"1096","N938AT"
"1097","N534MQ"
"1098","N37255"
"1099","N533AS"
"1100","N556AA"
"1101","N316NB"
"1102","N470UA"
"1103","N446UA"
"1104","N8794B"
"1105","N699DL"
"1106","N14977"
"1107","N77871"
"1108","N326US"
"1109","N723SW"
"1110","N480UA"
"1111","N925DL"
"1112","N476WN"
"1113","N196UW"
"1114","N552UA"
"1115","N954AT"
"1116","N351JB"
"1117","N5FJAA"
"1118","N307DQ"
"1119","N396DA"
"1120","N914XJ"
"1121","N356NW"
"1122","N601AW"
"1123","N845UA"
"1124","N842UA"
"1125","N249WN"
"1126","N585JB"
"1127","N77261"
"1128","N13133"
"1129","N3EWAA"
"1130","N11127"
"1131","N631VA"
"1132","N17104"
"1133","N612AA"
"1134","N79402"
"1135","N431UA"
"1136","N768JB"
"1137","N535UA"
"1138","N332NW"
"1139","N201AA"
"1140","N444UA"
"1141","N73276"
"1142","N513AA"
"1143","N852VA"
"1144","N14952"
"1145","N3BLAA"
"1146","N938WN"
"1147","N641JB"
"1148","N8492C"
"1149","N8877A"
"1150","N831UA"
"1151","N676AW"
"1152","N77430"
"1153","N603DL"
"1154","N466UA"
"1155","N760US"
"1156","N494AA"
"1157","N561UW"
"1158","N8475B"
"1159","N3HFAA"
"1160","N957AT"
"1161","N719EV"
"1162","N302NB"
"1163","N524MQ"
"1164","N673UA"
"1165","N36280"
"1166","N674DL"
"1167","N555UA"
"1168","N785SW"
"1169","N3HCAA"
"1170","N3ACAA"
"1171","N3756"
"1172","N621VA"
"1173","N938DL"
"1174","N73251"
"1175","N480WN"
"1176","N358NB"
"1177","N306DQ"
"1178","N965AT"
"1179","N21723"
"1180","N383SW"
"1181","N710UW"
"1182","N25134"
"1183","N692DL"
"1184","N36272"
"1185","N716SW"
"1186","N33262"
"1187","N12126"
"1188","N619SW"
"1189","N4WAAA"
"1190","N276WN"
"1191","N397DA"
"1192","N3HVAA"
"1193","N433UA"
"1194","N754EV"
"1195","N602XJ"
"1196","N492AA"
"1197","N758EV"
"1198","N270WN"
"1199","N35260"
"1200","N924AT"
"1201","N922WN"
"1202","N949DL"
"1203","N163US"
"1204","N12552"
"1205","N14121"
"1206","N458WN"
"1207","N3FVAA"
"1208","N3JHAA"
"1209","N228WN"
"1210","N3GUAA"
"1211","N555NW"
"1212","N12564"
"1213","N34137"
"1214","N5PBMQ"
"1215","N570UA"
"1216","N76064"
"1217","N12109"
"1218","N509MJ"
"1219","N514AA"
"1220","N71411"
"1221","N641MQ"
"1222","N5FAAA"
"1223","N579AA"
"1224","N13965"
"1225","N197UW"
"1226","N12238"
"1227","N835UA"
"1228","N13989"
"1229","N491UA"
"1230","N669MQ"
"1231","N354NW"
"1232","N564AA"
"1233","N612MQ"
"1234","N14125"
"1235","N236WN"
"1236","N916WN"
"1237","N584JB"
"1238","N26123"
"1239","N14171"
"1240","N8940E"
"1241","N826AY"
"1242","N78501"
"1243","N249JB"
"1244","N508MJ"
"1245","N648JB"
"1246","N3BKAA"
"1247","N374NW"
"1248","N37253"
"1249","N13970"
"1250","N76517"
"1251","N439UA"
"1252","N3767"
"1253","N893AT"
"1254","N7730A"
"1255","N645MQ"
"1256","N16918"
"1257","N392DA"
"1258","N8924B"
"1259","N355NW"
"1260","N473UA"
"1261","N664AW"
"1262","N426WN"
"1263","N724EV"
"1264","N8974C"
"1265","N542AA"
"1266","N3HKAA"
"1267","N851VA"
"1268","N11184"
"1269","N660MQ"
"1270","N14991"
"1271","N792SW"
"1272","N909XJ"
"1273","N3753"
"1274","N648DL"
"1275","N924WN"
"1276","N961DL"
"1277","N27722"
"1278","N363NW"
"1279","N396AA"
"1280","N229JB"
"1281","N33103"
"1282","N48127"
"1283","N460UA"
"1284","N386DA"
"1285","N480AA"
"1286","N3CXAA"
"1287","N19136"
"1288","N710SW"
"1289","N3JAAA"
"1290","N422UA"
"1291","N39423"
"1292","N5CCAA"
"1293","N328JB"
"1294","N8315C"
"1295","N449WN"
"1296","N708EV"
"1297","N37293"
"1298","N303DQ"
"1299","N357AA"
"1300","N406US"
"1301","N257WN"
"1302","N522MQ"
"1303","N552AA"
"1304","N923DL"
"1305","N517JB"
"1306","N617AA"
"1307","N181DN"
"1308","N630MQ"
"1309","N391CA"
"1310","N928AT"
"1311","N317NB"
"1312","N834AS"
"1313","N482WN"
"1314","N11113"
"1315","N3734B"
"1316","N3AFAA"
"1317","N855UA"
"1318","N3769L"
"1319","N8884E"
"1320","N8836A"
"1321","N79279"
"1322","N3765"
"1323","N261AV"
"1324","N833AY"
"1325","N14162"
"1326","N3ELAA"
"1327","N917XJ"
"1328","N991DL"
"1329","N341NB"
"1330","N338NW"
"1331","N14902"
"1332","N11140"
"1333","N903XJ"
"1334","N3GYAA"
"1335","N623VA"
"1336","N8506C"
"1337","N329NB"
"1338","N16954"
"1339","N13994"
"1340","N87527"
"1341","N449UA"
"1342","N494UA"
"1343","N928XJ"
"1344","N12967"
"1345","N427UA"
"1346","N832AS"
"1347","N34222"
"1348","N634JB"
"1349","N13118"
"1350","N193JB"
"1351","N3AMAA"
"1352","N3GXAA"
"1353","N554JB"
"1354","N186US"
"1355","N78506"
"1356","N5DVAA"
"1357","N638DL"
"1358","N251WN"
"1359","N963AT"
"1360","N8322X"
"1361","N813UA"
"1362","N713EV"
"1363","N5BSAA"
"1364","N3DGAA"
"1365","N342NW"
"1366","N73256"
"1367","N347NB"
"1368","N12114"
"1369","N232PQ"
"1370","N420US"
"1371","N825AW"
"1372","N170US"
"1373","N508AY"
"1374","N357SW"
"1375","N11137"
"1376","N424UA"
"1377","N824UA"
"1378","N816UA"
"1379","N377NW"
"1380","N405UA"
"1381","N967DL"
"1382","N633VA"
"1383","N277WN"
"1384","N77431"
"1385","N75432"
"1386","N76505"
"1387","N3DVAA"
"1388","N904DE"
"1389","N436UA"
"1390","N582AA"
"1391","N4YJAA"
"1392","N579AS"
"1393","N854VA"
"1394","N659JB"
"1395","N8525B"
"1396","N75854"
"1397","N553AA"
"1398","N627DL"
"1399","N269WN"
"1400","N317JB"
"1401","N979DL"
"1402","N192UW"
"1403","N209WN"
"1404","N899AT"
"1405","N26545"
"1406","N315US"
"1407","N677AW"
"1408","N179JB"
"1409","N299WN"
"1410","N214FR"
"1411","N4WWAA"
"1412","N720EV"
"1413","N629VA"
"1414","N384HA"
"1415","N54711"
"1416","N16178"
"1417","N76055"
"1418","N455UA"
"1419","N478UA"
"1420","N16709"
"1421","N75851"
"1422","N827AY"
"1423","N7726A"
"1424","N656SW"
"1425","N8914A"
"1426","N714CB"
"1427","N75428"
"1428","N623DL"
"1429","N379DA"
"1430","N758US"
"1431","N29906"
"1432","N38257"
"1433","N756US"
"1434","N8855A"
"1435","N933AT"
"1436","N14570"
"1437","N671UA"
"1438","N948UW"
"1439","N705JB"
"1440","N659DL"
"1441","N3JEAA"
"1442","N700GS"
"1443","N909DL"
"1444","N634VA"
"1445","N3ASAA"
"1446","N357NB"
"1447","N921WN"
"1448","N370SW"
"1449","N706TW"
"1450","N915AT"
"1451","N651DL"
"1452","N584AA"
"1453","N566AA"
"1454","N272WN"
"1455","N319US"
"1456","N467AA"
"1457","N41140"
"1458","N187PQ"
"1459","N456AA"
"1460","N945AT"
"1461","N57857"
"1462","N286WN"
"1463","N281WN"
"1464","N3BRAA"
"1465","N13124"
"1466","N540UA"
"1467","N501AA"
"1468","N511MJ"
"1469","N179UW"
"1470","N921XJ"
"1471","N644MQ"
"1472","N522AA"
"1473","N14923"
"1474","N8710A"
"1475","N555AY"
"1476","N14568"
"1477","N937XJ"
"1478","N562UA"
"1479","N3GLAA"
"1480","N5FNAA"
"1481","N309US"
"1482","N66056"
"1483","N679MQ"
"1484","N723UW"
"1485","N3ANAA"
"1486","N14186"
"1487","N8903A"
"1488","N932XJ"
"1489","N336NW"
"1490","N15710"
"1491","N436WN"
"1492","N8948B"
"1493","N3AHAA"
"1494","N3757D"
"1495","N13956"
"1496","N615QX"
"1497","N3HXAA"
"1498","N394DA"
"1499","N373AA"
"1500","N4WKAA"
"1501","N3GFAA"
"1502","N76153"
"1503","N849VA"
"1504","N8828D"
"1505","N3FJAA"
"1506","N8659B"
"1507","N456WN"
"1508","N923MQ"
"1509","N3JDAA"
"1510","N799SW"
"1511","N839MQ"
"1512","N310DE"
"1513","N3771K"
"1514","N990DL"
"1515","N553UA"
"1516","N673MQ"
"1517","N940AT"
"1518","N658AW"
"1519","N513MJ"
"1520","N358AA"
"1521","N21108"
"1522","N371NW"
"1523","N3JTAA"
"1524","N479WN"
"1525","N16234"
"1526","N8309C"
"1527","N544UW"
"1528","N848UA"
"1529","N919DL"
"1530","N8674A"
"1531","N960WN"
"1532","N38417"
"1533","N807UA"
"1534","N13913"
"1535","N3FAAA"
"1536","N819UA"
"1537","N430US"
"1538","N15983"
"1539","N26208"
"1540","N209FR"
"1541","N214WN"
"1542","N27239"
"1543","N515AA"
"1544","N13997"
"1545","N344NW"
"1546","N611QX"
"1547","N827AS"
"1548","N609DL"
"1549","N958WN"
"1550","N14179"
"1551","N632VA"
"1552","N471UA"
"1553","N951AT"
"1554","N8932C"
"1555","N907DL"
"1556","N37252"
"1557","N3744F"
"1558","N14177"
"1559","N835MH"
"1560","N929XJ"
"1561","N411UA"
"1562","N635DL"
"1563","N8886A"
"1564","N33203"
"1565","N426UA"
"1566","N14237"
"1567","N963WN"
"1568","N8970D"
"1569","N561JB"
"1570","N323JB"
"1571","N33292"
"1572","N3BGAA"
"1573","N200AA"
"1574","N419UA"
"1575","N5DBAA"
"1576","N506UA"
"1577","N600QX"
"1578","N969AT"
"1579","N5ECAA"
"1580","N12145"
"1581","N425UA"
"1582","N8306H"
"1583","N721UW"
"1584","N11535"
"1585","N909WN"
"1586","N3HBAA"
"1587","N821AW"
"1588","N643JB"
"1589","N905DL"
"1590","N12136"
"1591","N38454"
"1592","N37281"
"1593","N911DL"
"1594","N964AT"
"1595","N546AS"
"1596","N175DN"
"1597","N653JB"
"1598","N417UA"
"1599","N554UW"
"1600","N429UA"
"1601","N5EHAA"
"1602","N840MQ"
"1603","N183JB"
"1604","N720WN"
"1605","N673AW"
"1606","N429WN"
"1607","N675AW"
"1608","N636DL"
"1609","N8747B"
"1610","N293WN"
"1611","N14907"
"1612","N37420"
"1613","N457UA"
"1614","N381HA"
"1615","N7BFAA"
"1616","N408UA"
"1617","N470AA"
"1618","N845VA"
"1619","N935WN"
"1620","N571JB"
"1621","N550WN"
"1622","N3FLAA"
"1623","N4XWAA"
"1624","N57864"
"1625","N908DE"
"1626","N540US"
"1627","N814UA"
"1628","N548UW"
"1629","N763US"
"1630","N730US"
"1631","N428UA"
"1632","N987AT"
"1633","N8921B"
"1634","N964DL"
"1635","N669UA"
"1636","N24103"
"1637","N37427"
"1638","N167US"
"1639","N359SW"
"1640","N854UA"
"1641","N756SA"
"1642","N3CHAA"
"1643","N16541"
"1644","N948AT"
"1645","N737US"
"1646","N646SW"
"1647","N912XJ"
"1648","N575AA"
"1649","N760SW"
"1650","N3FHAA"
"1651","N439AA"
"1652","N453WN"
"1653","N3733Z"
"1654","N523US"
"1655","N18102"
"1656","N990AT"
"1657","N329AA"
"1658","N17133"
"1659","N506SW"
"1660","N176UW"
"1661","N466AA"
"1662","N472WN"
"1663","N216WR"
"1664","N18223"
"1665","N906AT"
"1666","N41135"
"1667","N24128"
"1668","N923XJ"
"1669","N835AY"
"1670","N489WN"
"1671","N491WN"
"1672","N174US"
"1673","N66057"
"1674","N3HNAA"
"1675","N78448"
"1676","N385AA"
"1677","N357NW"
"1678","N4UBAA"
"1679","N382DA"
"1680","N919DE"
"1681","N972AT"
"1682","N615AA"
"1683","N8751D"
"1684","N4YEAA"
"1685","N3731T"
"1686","N17196"
"1687","N964WN"
"1688","N373NW"
"1689","N12924"
"1690","N68159"
"1691","N433AA"
"1692","N247JB"
"1693","N208WN"
"1694","N705SW"
"1695","N590NW"
"1696","N173US"
"1697","N4XJAA"
"1698","N906DL"
"1699","N639AA"
"1700","N3DBAA"
"1701","N918MQ"
"1702","N992AT"
"1703","N603MQ"
"1704","N208FR"
"1705","N7714B"
"1706","N33132"
"1707","N288WN"
"1708","N321US"
"1709","N381DN"
"1710","N712EV"
"1711","N558AS"
"1712","N753SW"
"1713","N433US"
"1714","N8980A"
"1715","N3759"
"1716","N347NW"
"1717","N180DN"
"1718","N38446"
"1719","N839UA"
"1720","N12900"
"1721","N335AA"
"1722","N519MQ"
"1723","N744SW"
"1724","N8936A"
"1725","N8672A"
"1726","N5BRAA"
"1727","N998AT"
"1728","N8943A"
"1729","N320AA"
"1730","N15973"
"1731","N649JB"
"1732","N543US"
"1733","N3GAAA"
"1734","N947AT"
"1735","N5DCAA"
"1736","N749US"
"1737","N567UA"
"1738","N17560"
"1739","N103US"
"1740","N87507"
"1741","N769US"
"1742","N5BVAA"
"1743","N463UA"
"1744","N47414"
"1745","N571UA"
"1746","N595UA"
"1747","N568AS"
"1748","N540AA"
"1749","N519UW"
"1750","N617DL"
"1751","N246LV"
"1752","N416UA"
"1753","N805UA"
"1754","N267AT"
"1755","N334JB"
"1756","N650AW"
"1757","N37422"
"1758","N3DSAA"
"1759","N8883E"
"1760","N298JB"
"1761","N12172"
"1762","N5EGAA"
"1763","N566JB"
"1764","N552WN"
"1765","N3GNAA"
"1766","N14731"
"1767","N11106"
"1768","N8577D"
"1769","N544MQ"
"1770","N804AW"
"1771","N664DN"
"1772","N193UW"
"1773","N546UW"
"1774","N348JB"
"1775","N909EV"
"1776","N117UW"
"1777","N934DL"
"1778","N709EV"
"1779","N385HA"
"1780","N3JRAA"
"1781","N844VA"
"1782","N674UA"
"1783","N34282"
"1784","N283WN"
"1785","N16112"
"1786","N3DCAA"
"1787","N16151"
"1788","N409UA"
"1789","N956WN"
"1790","N3GBAA"
"1791","N353NB"
"1792","N577AA"
"1793","N463WN"
"1794","N551AA"
"1795","N78509"
"1796","N219WN"
"1797","N13202"
"1798","N471AA"
"1799","N350NA"
"1800","N851UA"
"1801","N404WN"
"1802","N947UW"
"1803","N753EV"
"1804","N478AA"
"1805","N743SW"
"1806","N892AT"
"1807","N14904"
"1808","N3GGAA"
"1809","N197JB"
"1810","N433LV"
"1811","N69063"
"1812","N709SW"
"1813","N975AT"
"1814","N591AA"
"1815","N916DN"
"1816","N859AS"
"1817","N564UW"
"1818","N13964"
"1819","N48901"
"1820","N672MQ"
"1821","N8554A"
"1822","N12921"
"1823","N944DL"
"1824","N259WN"
"1825","N584UA"
"1826","N18101"
"1827","N458UA"
"1828","N932MQ"
"1829","N597AA"
"1830","N27200"
"1831","N716UW"
"1832","N617MQ"
"1833","N67058"
"1834","N462UA"
"1835","N11164"
"1836","N633MQ"
"1837","N366NW"
"1838","N956AT"
"1839","N8423C"
"1840","N3CLAA"
"1841","N13132"
"1842","N364AA"
"1843","N224WN"
"1844","N68160"
"1845","N78524"
"1846","N207WN"
"1847","N915WN"
"1848","N39450"
"1849","N803UA"
"1850","N483AA"
"1851","N610DL"
"1852","N683MQ"
"1853","N4WLAA"
"1854","N16170"
"1855","N187US"
"1856","N5DSAA"
"1857","N790SW"
"1858","N210FR"
"1859","N927AT"
"1860","N4XSAA"
"1861","N742SW"
"1862","N537UA"
"1863","N3JSAA"
"1864","N996DL"
"1865","N645DL"
"1866","N363AA"
"1867","N501MQ"
"1868","N509AY"
"1869","N354AA"
"1870","N497WN"
"1871","N8913A"
"1872","N818UA"
"1873","N551AS"
"1874","N717EV"
"1875","N316US"
"1876","N8896A"
"1877","N409US"
"1878","N391DA"
"1879","N5EBAA"
"1880","N349NB"
"1881","N12142"
"1882","N4YLAA"
"1883","N1613B"
"1884","N398DA"
"1885","N8847A"
"1886","N3GMAA"
"1887","N434WN"
"1888","N11539"
"1889","N13161"
"1890","N3EUAA"
"1891","N3DAAA"
"1892","N755SA"
"1893","N17719"
"1894","N318JB"
"1895","N605JB"
"1896","N598JB"
"1897","N566UW"
"1898","N5DTAA"
"1899","N607AT"
"1900","N663DN"
"1901","N754UW"
"1902","N815UA"
"1903","N925WN"
"1904","N524UW"
"1905","N146PQ"
"1906","N8323C"
"1907","N752US"
"1908","N762SW"
"1909","N690DL"
"1910","N184US"
"1911","N473WN"
"1912","N12122"
"1913","N14562"
"1914","N826UA"
"1915","N473AA"
"1916","N722US"
"1917","N3AEMQ"
"1918","N73270"
"1919","N3JLAA"
"1920","N628AA"
"1921","N16217"
"1922","N4XEAA"
"1923","N537AS"
"1924","N75858"
"1925","N507UA"
"1926","N958UW"
"1927","N37273"
"1928","N770UW"
"1929","N592UA"
"1930","N413WN"
"1931","N669AW"
"1932","N947WN"
"1933","N8907A"
"1934","N34460"
"1935","N467WN"
"1936","N33294"
"1937","N604QX"
"1938","N753US"
"1939","N837VA"
"1940","N498UA"
"1941","N353NW"
"1942","N340NB"
"1943","N14231"
"1944","N575UA"
"1945","N8837B"
"1946","N78866"
"1947","N6712B"
"1948","N4XVAA"
"1949","N252WN"
"1950","N4XNAA"
"1951","N8505Q"
"1952","N944UW"
"1953","N659AW"
"1954","N434UA"
"1955","N713UW"
"1956","N7739A"
"1957","N657AW"
"1958","N614QX"
"1959","N3773D"
"1960","N475AA"
"1961","N3GJAA"
"1962","N658UA"
"1963","N229WN"
"1964","N912DL"
"1965","N642DL"
"1966","N846UA"
"1967","N3EFAA"
"1968","N3755D"
"1969","N607SW"
"1970","N996AT"
"1971","N6711M"
"1972","N441WN"
"1973","N3DPAA"
"1974","N3BMAA"
"1975","N398CA"
"1976","N8944B"
"1977","N260WN"
"1978","N662DN"
"1979","N759GS"
"1980","N13138"
"1981","N29124"
"1982","N3FSAA"
"1983","N848VA"
"1984","N627JB"
"1985","N558UA"
"1986","N472UA"
"1987","N993DL"
"1988","N507MJ"
"1989","N4YUAA"
"1990","N937AT"
"1991","N76519"
"1992","N618MQ"
"1993","N367NW"
"1994","N557UW"
"1995","N504UA"
"1996","N735SA"
"1997","N345NW"
"1998","N23721"
"1999","N73278"
"2000","N4XBAA"
"2001","N3766"
"2002","N615MQ"
"2003","N837UA"
"2004","N936XJ"
"2005","N351NW"
"2006","N241WN"
"2007","N364NW"
"2008","N69154"
"2009","N602AW"
"2010","N952WN"
"2011","N8688C"
"2012","N279WN"
"2013","N476UA"
"2014","N762US"
"2015","N3CJAA"
"2016","N6714Q"
"2017","N309DE"
"2018","N464WN"
"2019","N638JB"
"2020","N963DL"
"2021","N625AA"
"2022","N3BBAA"
"2023","N667MQ"
"2024","N206FR"
"2025","N281AT"
"2026","N356AA"
"2027","N33286"
"2028","N474WN"
"2029","N711HK"
"2030","N87531"
"2031","N3FFAA"
"2032","N453UA"
"2033","N428WN"
"2034","N663AW"
"2035","N333NW"
"2036","N3ARAA"
"2037","N3JUAA"
"2038","N408AS"
"2039","N355NB"
"2040","N983AT"
"2041","N186DN"
"2042","N419WN"
"2043","N388DA"
"2044","N945DL"
"2045","N377DA"
"2046","N446WN"
"2047","N265WN"
"2048","N11109"
"2049","N474AA"
"2050","N33264"
"2051","N3JBAA"
"2052","N950AT"
"2053","N710EV"
"2054","N8308K"
"2055","N153PQ"
"2056","N439WN"
"2057","N27190"
"2058","N701UW"
"2059","N693DL"
"2060","N14230"
"2061","N35407"
"2062","N3GWAA"
"2063","N278WN"
"2064","N33209"
"2065","N942DL"
"2066","N512AA"
"2067","N11187"
"2068","N680DA"
"2069","N937DL"
"2070","N949AT"
"2071","N527UA"
"2072","N924DL"
"2073","N3GTAA"
"2074","N476AA"
"2075","N16149"
"2076","N824AY"
"2077","N3ATAA"
"2078","N202FR"
"2079","N408WN"
"2080","N724UW"
"2081","N17233"
"2082","N137EV"
"2083","N12201"
"2084","N443UA"
"2085","N965UW"
"2086","N389HA"
"2087","N515UA"
"2088","N481AA"
"2089","N469AA"
"2090","N76265"
"2091","N242WN"
"2092","N835VA"
"2093","N423WN"
"2094","N539MQ"
"2095","N914DL"
"2096","N768US"
"2097","N812AW"
"2098","N993AT"
"2099","N384AA"
"2100","N440UA"
"2101","N668UA"
"2102","N3BCAA"
"2103","N928DL"
"2104","N344SW"
"2105","N805AY"
"2106","N767SW"
"2107","N3BWAA"
"2108","N722EV"
"2109","N823AY"
"2110","N536AA"
"2111","N37413"
"2112","N12175"
"2113","N3CDAA"
"2114","N13979"
"2115","N5EAAA"
"2116","N563UW"
"2117","N922MQ"
"2118","N341NW"
"2119","N959WN"
"2120","N361AA"
"2121","N8971A"
"2122","N376DA"
"2123","N579UA"
"2124","N5DUAA"
"2125","N506MJ"
"2126","N935XJ"
"2127","N8918B"
"2128","N176DN"
"2129","N38451"
"2130","N570AA"
"2131","N776WN"
"2132","N3ABAA"
"2133","N900MQ"
"2134","N652DL"
"2135","N491AA"
"2136","N5CBAA"
"2137","N680MQ"
"2138","N213FR"
"2139","N780SW"
"2140","N653AW"
"2141","N211WN"
"2142","N976DL"
"2143","N604AW"
"2144","N546UA"
"2145","N8458A"
"2146","N409WN"
"2147","N775SW"
"2148","N1611B"
"2149","N620MQ"
"2150","N407AS"
"2151","N5CDAA"
"2152","N981AT"
"2153","N523VA"
"2154","N227WN"
"2155","N195DN"
"2156","N3762Y"
"2157","N8964E"
"2158","N3JNAA"
"2159","N334NW"
"2160","N812UA"
"2161","N77530"
"2162","N8888D"
"2163","N583AA"
"2164","N921AT"
"2165","N3CCAA"
"2166","N12569"
"2167","N484AA"
"2168","N247WN"
"2169","N17627"
"2170","N5CSAA"
"2171","N955AT"
"2172","N8600F"
"2173","N5CKAA"
"2174","N222WN"
"2175","N809UA"
"2176","N161PQ"
"2177","N14629"
"2178","N478WN"
"2179","N11192"
"2180","N123UW"
"2181","N670UA"
"2182","N14173"
"2183","N294WN"
"2184","N827UA"
"2185","N852UA"
"2186","N32404"
"2187","N17169"
"2188","N953DL"
"2189","N239WN"
"2190","N5CFAA"
"2191","N979AT"
"2192","N68453"
"2193","N563AS"
"2194","N4XMAA"
"2195","N427WN"
"2196","N791SW"
"2197","N5FLAA"
"2198","N16571"
"2199","N302DQ"
"2200","N12167"
"2201","N134EV"
"2202","N11191"
"2203","N637VA"
"2204","N623JB"
"2205","N4XYAA"
"2206","N77865"
"2207","N624AW"
"2208","N8965E"
"2209","N831AY"
"2210","N18243"
"2211","N909DE"
"2212","N652AW"
"2213","N675UA"
"2214","N834AY"
"2215","N6701"
"2216","N352AA"
"2217","N183UW"
"2218","N639SW"
"2219","N3DXAA"
"2220","N669DN"
"2221","N576AA"
"2222","N708SW"
"2223","N750SA"
"2224","N181UW"
"2225","N711UW"
"2226","N748SW"
"2227","N238WN"
"2228","N505MJ"
"2229","N11150"
"2230","N826MQ"
"2231","N15980"
"2232","N788SA"
"2233","N623MQ"
"2234","N348AA"
"2235","N744P"
"2236","N73152"
"2237","N5DWAA"
"2238","N985AT"
"2239","N8905F"
"2240","N503MJ"
"2241","N801AY"
"2242","N78060"
"2243","N365NW"
"2244","N466WN"
"2245","N726SW"
"2246","N602DL"
"2247","N8604C"
"2248","N638MQ"
"2249","N754SW"
"2250","N685MQ"
"2251","N953FR"
"2252","N362AA"
"2253","N329AT"
"2254","N585UA"
"2255","N3746H"
"2256","N76526"
"2257","N798SW"
"2258","N553UW"
"2259","N3EJAA"
"2260","N403AS"
"2261","N8969A"
"2262","N991AT"
"2263","N475UA"
"2264","N343NW"
"2265","N4YHAA"
"2266","N3BJAA"
"2267","N27152"
"2268","N828UA"
"2269","N8808H"
"2270","N960AT"
"2271","N4WSAA"
"2272","N715JB"
"2273","N77518"
"2274","N594UA"
"2275","N465UA"
"2276","N3BVAA"
"2277","N740UW"
"2278","N3FRAA"
"2279","N3APAA"
"2280","N8327A"
"2281","N968AT"
"2282","N12195"
"2283","N215WN"
"2284","N170PQ"
"2285","N906WN"
"2286","N110UW"
"2287","N10156"
"2288","N383DN"
"2289","N75436"
"2290","N77295"
"2291","N494WN"
"2292","N73406"
"2293","N957DL"
"2294","N513AS"
"2295","N4YGAA"
"2296","N687DL"
"2297","N949UW"
"2298","N545UA"
"2299","N400WN"
"2300","N16961"
"2301","N647AW"
"2302","N854MQ"
"2303","N221WN"
"2304","N14158"
"2305","N410UA"
"2306","N388HA"
"2307","N5DEAA"
"2308","N8623A"
"2309","N4YKAA"
"2310","N7702A"
"2311","N665AW"
"2312","N725UW"
"2313","N559UW"
"2314","N961UW"
"2315","N913DE"
"2316","N651SW"
"2317","N966AT"
"2318","N245WN"
"2319","N253WN"
"2320","N445WN"
"2321","N744EV"
"2322","N3BFAA"
"2323","N430WN"
"2324","N515MJ"
"2325","N834UA"
"2326","N189UW"
"2327","N631MQ"
"2328","N8797A"
"2329","N5FPAA"
"2330","N715SW"
"2331","N528MQ"
"2332","N16183"
"2333","N395AA"
"2334","N3BSAA"
"2335","N323US"
"2336","N37700"
"2337","N952DL"
"2338","N825AY"
"2339","N37437"
"2340","N736SA"
"2341","N800AY"
"2342","N15985"
"2343","N599AA"
"2344","N655DL"
"2345","N330NW"
"2346","N659MQ"
"2347","N318AT"
"2348","N216FR"
"2349","N231WN"
"2350","N351AA"
"2351","N16713"
"2352","N14148"
"2353","N3JWAA"
"2354","N3DHAA"
"2355","N402AS"
"2356","N523UW"
"2357","N519UA"
"2358","N3749D"
"2359","N1602"
"2360","N3HAAA"
"2361","N490UA"
"2362","N11155"
"2363","N3ECAA"
"2364","N8533D"
"2365","N17244"
"2366","N954UW"
"2367","N980AT"
"2368","N8310C"
"2369","N3DMAA"
"2370","N704US"
"2371","N16147"
"2372","N194UW"
"2373","N442UA"
"2374","N38458"
"2375","N612DL"
"2376","N35271"
"2377","N78438"
"2378","N508AS"
"2379","N4YMAA"
"2380","N906DE"
"2381","N16963"
"2382","N345NB"
"2383","N5EYAA"
"2384","N660AW"
"2385","N499AA"
"2386","N703SW"
"2387","N135EV"
"2388","N383HA"
"2389","N4XDAA"
"2390","N8694A"
"2391","N8698A"
"2392","N672AW"
"2393","N3747D"
"2394","N434AA"
"2395","N399AA"
"2396","N3HUAA"
"2397","N787SA"
"2398","N181PQ"
"2399","N695DL"
"2400","N432WN"
"2401","N853UA"
"2402","N13992"
"2403","N232WN"
"2404","N566UA"
"2405","N966DL"
"2406","N315NB"
"2407","N844UA"
"2408","N11165"
"2409","N345AA"
"2410","N3JGAA"
"2411","N8800G"
"2412","N666DN"
"2413","N734SA"
"2414","N521LR"
"2415","N438AA"
"2416","N548US"
"2417","N819AY"
"2418","N20904"
"2419","N451WN"
"2420","N8709A"
"2421","N656MQ"
"2422","N14628"
"2423","N634AA"
"2424","N3AKAA"
"2425","N558UW"
"2426","N4YAAA"
"2427","N5DXAA"
"2428","N176AT"
"2429","N393DA"
"2430","N437WN"
"2431","N551UW"
"2432","N758SW"
"2433","N320AS"
"2434","N8758D"
"2435","N495UA"
"2436","N370NB"
"2437","N4XPAA"
"2438","N830AY"
"2439","N8930E"
"2440","N654DL"
"2441","N727SW"
"2442","N14573"
"2443","N3EAAA"
"2444","N518LR"
"2445","N266JB"
"2446","N285WN"
"2447","N982DL"
"2448","N630VA"
"2449","N5CAAA"
"2450","N67171"
"2451","N667DN"
"2452","N544UA"
"2453","N26141"
"2454","N486AA"
"2455","N5EVAA"
"2456","N950UW"
"2457","N640DL"
"2458","N5EJAA"
"2459","N57111"
"2460","N525AA"
"2461","N420WN"
"2462","N595AA"
"2463","N12166"
"2464","N678AW"
"2465","N623SW"
"2466","N953AT"
"2467","N751SW"
"2468","N314NB"
"2469","N709TW"
"2470","N714US"
"2471","N556NW"
"2472","N443US"
"2473","N415UA"
"2474","N202WN"
"2475","N525US"
"2476","N929WN"
"2477","N4YBAA"
"2478","N368NB"
"2479","N23707"
"2480","N8495B"
"2481","N415WN"
"2482","N454AA"
"2483","N613MQ"
"2484","N8580A"
"2485","N784SW"
"2486","N836UA"
"2487","N411WN"
"2488","N5CPAA"
"2489","N404UA"
"2490","N521AA"
"2491","N3737C"
"2492","N3HEAA"
"2493","N14188"
"2494","N3EPAA"
"2495","N636VA"
"2496","N264LV"
"2497","N926XJ"
"2498","N73445"
"2499","N639MQ"
"2500","N343AA"
"2501","N556UW"
"2502","N290WN"
"2503","N359NW"
"2504","N565AS"
"2505","N107US"
"2506","N174DZ"
"2507","N930DL"
"2508","N915DL"
"2509","N8775A"
"2510","N538UA"
"2511","N3AAAA"
"2512","N353SW"
"2513","N5DDAA"
"2514","N3DDAA"
"2515","N195UW"
"2516","N373DA"
"2517","N520UA"
"2518","N5EKAA"
"2519","N639DL"
"2520","N76062"
"2521","N402WN"
"2522","N39461"
"2523","N554NW"
"2524","N509AA"
"2525","N926WN"
"2526","N452UW"
"2527","N608QX"
"2528","N390AA"
"2529","N553WN"
"2530","N8305E"
"2531","N3AWAA"
"2532","N113UW"
"2533","N934AT"
"2534","N14974"
"2535","N230WN"
"2536","N12160"
"2537","N3FWAA"
"2538","N750EV"
"2539","N733SA"
"2540","N585AA"
"2541","N3GPAA"
"2542","N961AT"
"2543","N962DL"
"2544","N567AA"
"2545","N394AA"
"2546","N68061"
"2547","N774SW"
"2548","N953UW"
"2549","N3CTAA"
"2550","N205WN"
"2551","N5DYAA"
"2552","N203WN"
"2553","N490WN"
"2554","N769SW"
"2555","N944WN"
"2556","N207FR"
"2557","N349AA"
"2558","N819MQ"
"2559","N542UW"
"2560","N3AJAA"
"2561","N104UW"
"2562","N3EXAA"
"2563","N1609"
"2564","N649DL"
"2565","N927WN"
"2566","N901DE"
"2567","N751EV"
"2568","N8718E"
"2569","N988AT"
"2570","N14117"
"2571","N271LV"
"2572","N652SW"
"2573","N5FKAA"
"2574","N3FEAA"
"2575","N502MJ"
"2576","N655MQ"
"2577","N420UA"
"2578","N946UW"
"2579","N298WN"
"2580","N16981"
"2581","N950DL"
"2582","N384DA"
"2583","N919WN"
"2584","N531AS"
"2585","N4YFAA"
"2586","N853VA"
"2587","N3FDAA"
"2588","N956UW"
"2589","N970AT"
"2590","N679AW"
"2591","N529AA"
"2592","N568AA"
"2593","N382HA"
"2594","N715UW"
"2595","N57868"
"2596","N12163"
"2597","N902WN"
"2598","N418WN"
"2599","N842VA"
"2600","N374AA"
"2601","N317WN"
"2602","N3JFAA"
"2603","N918WN"
"2604","N530MQ"
"2605","N220WN"
"2606","N8696C"
"2607","N930WN"
"2608","N944AT"
"2609","N258JB"
"2610","N483UA"
"2611","N571AA"
"2612","N547AA"
"2613","N946WN"
"2614","N628MQ"
"2615","N8891A"
"2616","N696DL"
"2617","N3EBAA"
"2618","N661AW"
"2619","N718EV"
"2620","N641SW"
"2621","N284AT"
"2622","N782SA"
"2623","N238JB"
"2624","N274WN"
"2625","N850UA"
"2626","N619MQ"
"2627","N488AA"
"2628","N1201P"
"2629","N635AA"
"2630","N468UA"
"2631","N518AA"
"2632","N287WN"
"2633","N37277"
"2634","N13716"
"2635","N766US"
"2636","N8318F"
"2637","N703UW"
"2638","N17159"
"2639","N959DL"
"2640","N596AS"
"2641","N3JKAA"
"2642","N746SW"
"2643","N5FHAA"
"2644","N995AT"
"2645","N676DL"
"2646","N37409"
"2647","N691CA"
"2648","N39416"
"2649","N509UA"
"2650","N447UA"
"2651","N484WN"
"2652","N8736A"
"2653","N767NC"
"2654","N262WN"
"2655","N930AT"
"2656","N698DL"
"2657","N475WN"
"2658","N4YRAA"
"2659","N3HDAA"
"2660","N3FCAA"
"2661","N455WN"
"2662","N4XUAA"
"2663","N8488D"
"2664","N519AA"
"2665","N912DN"
"2666","N538AA"
"2667","N3HJAA"
"2668","N836MQ"
"2669","N4YTAA"
"2670","N401WN"
"2671","N987DL"
"2672","N543MQ"
"2673","N955WN"
"2674","N624AA"
"2675","N477AA"
"2676","N17126"
"2677","N662AW"
"2678","N149AT"
"2679","N949WN"
"2680","N349SW"
"2681","N560AA"
"2682","N1608"
"2683","N5BTAA"
"2684","N8923A"
"2685","N489UA"
"2686","N559AA"
"2687","N452WN"
"2688","N5EEAA"
"2689","N757UW"
"2690","N108UW"
"2691","N3AGAA"
"2692","N5FGAA"
"2693","N243WN"
"2694","N589AS"
"2695","N4XLAA"
"2696","N444WN"
"2697","N672DL"
"2698","N746UW"
"2699","N4WVAA"
"2700","N5CGAA"
"2701","N766SW"
"2702","N202AA"
"2703","N757LV"
"2704","N748UW"
"2705","N390SW"
"2706","N741UW"
"2707","N470WN"
"2708","N490AA"
"2709","N709UW"
"2710","N459WN"
"2711","N182UW"
"2712","N943WN"
"2713","N989AT"
"2714","N965DN"
"2715","N616DL"
"2716","N397SW"
"2717","N66051"
"2718","N388AA"
"2719","N959AT"
"2720","N36447"
"2721","N931MQ"
"2722","N952FR"
"2723","N946DL"
"2724","N174AT"
"2725","N796SW"
"2726","N609SW"
"2727","N635SW"
"2728","N28457"
"2729","N536UW"
"2730","N907DE"
"2731","N933WN"
"2732","N8933B"
"2733","N514MQ"
"2734","N8982A"
"2735","N865DA"
"2736","N8604K"
"2737","N176PQ"
"2738","N3HRAA"
"2739","N275WN"
"2740","N506AS"
"2741","N967WN"
"2742","N8477R"
"2743","N946AT"
"2744","N505AA"
"2745","N719SW"
"2746","N29717"
"2747","N16999"
"2748","N39415"
"2749","N574AA"
"2750","N8790A"
"2751","N212WN"
"2752","N4XXAA"
"2753","N431WN"
"2754","N3JCAA"
"2755","N14174"
"2756","N380SW"
"2757","N527AA"
"2758","N460WN"
"2759","N628SW"
"2760","N352NW"
"2761","N3BPAA"
"2762","N939WN"
"2763","N801UA"
"2764","N8673D"
"2765","N592AA"
"2766","N12957"
"2767","N607MQ"
"2768","N742PS"
"2769","N3EDAA"
"2770","N642WN"
"2771","N504MJ"
"2772","N781WN"
"2773","N465WN"
"2774","N686DA"
"2775","N3HWAA"
"2776","N560UA"
"2777","N550UA"
"2778","N4XHAA"
"2779","N291AT"
"2780","N362SW"
"2781","N931WN"
"2782","N204WN"
"2783","N3DRAA"
"2784","N624MQ"
"2785","N510MJ"
"2786","N521UW"
"2787","N604SW"
"2788","N8319F"
"2789","N622AA"
"2790","N737JW"
"2791","N12563"
"2792","N708UW"
"2793","N493AA"
"2794","N228PQ"
"2795","N3735D"
"2796","N5FRAA"
"2797","N72405"
"2798","N518AS"
"2799","N425AA"
"2800","N210WN"
"2801","N903DE"
"2802","N825MQ"
"2803","N57870"
"2804","N370AA"
"2805","N672UA"
"2806","N658SW"
"2807","N931DL"
"2808","N605SW"
"2809","N8683B"
"2810","N840AY"
"2811","N654SW"
"2812","N468AA"
"2813","N572UA"
"2814","N768SW"
"2815","N435AA"
"2816","N609MQ"
"2817","N4YNAA"
"2818","N550AA"
"2819","N290AT"
"2820","N365AA"
"2821","N910DL"
"2822","N405WN"
"2823","N8541D"
"2824","N37465"
"2825","N986AT"
"2826","N499WN"
"2827","N4XKAA"
"2828","N289CT"
"2829","N3FKAA"
"2830","N934WN"
"2831","N994AT"
"2832","N240WN"
"2833","N8312C"
"2834","N360AA"
"2835","N535AS"
"2836","N205FR"
"2837","N386HA"
"2838","N3HGAA"
"2839","N477UA"
"2840","N831AW"
"2841","N355AA"
"2842","N112US"
"2843","N382SW"
"2844","N218WN"
"2845","N414WN"
"2846","N914WN"
"2847","N75410"
"2848","N444US"
"2849","N542US"
"2850","N829MQ"
"2851","N27421"
"2852","N601XJ"
"2853","N496WN"
"2854","N632MQ"
"2855","N3AYAA"
"2856","N699MQ"
"2857","N765SW"
"2858","N978DL"
"2859","N4XCAA"
"2860","N657MQ"
"2861","N410WN"
"2862","N597AS"
"2863","N559UA"
"2864","N118US"
"2865","N185DN"
"2866","N832AY"
"2867","N922AT"
"2868","N125UW"
"2869","N556AS"
"2870","N613AA"
"2871","N951WN"
"2872","N747SA"
"2873","N133EV"
"2874","N432US"
"2875","N383AA"
"2876","N664UA"
"2877","N524UA"
"2878","N745SW"
"2879","N4WYAA"
"2880","N481WN"
"2881","N4XGAA"
"2882","N425LV"
"2883","N562UW"
"2884","N8588D"
"2885","N614MQ"
"2886","N832MQ"
"2887","N842MQ"
"2888","N590UA"
"2889","N823UA"
"2890","N4WMAA"
"2891","N671DN"
"2892","N438WN"
"2893","N953WN"
"2894","N549UW"
"2895","N237WN"
"2896","N407WN"
"2897","N806UA"
"2898","N124US"
"2899","N653MQ"
"2900","N1605"
"2901","N390DA"
"2902","N543AA"
"2903","N305AS"
"2904","N136EV"
"2905","N5DPAA"
"2906","N577AS"
"2907","N57869"
"2908","N520AA"
"2909","N730SW"
"2910","N8839E"
"2911","N840VA"
"2912","N587AA"
"2913","N380AA"
"2914","N3CBAA"
"2915","N505MQ"
"2916","N3FGAA"
"2917","N389SW"
"2918","N697DL"
"2919","N733UW"
"2920","N250WN"
"2921","N16951"
"2922","N716EV"
"2923","N5EPAA"
"2924","N717UW"
"2925","N581UA"
"2926","N681MQ"
"2927","N310NW"
"2928","N913DL"
"2929","N902DE"
"2930","N725SW"
"2931","N954WN"
"2932","N943FR"
"2933","N354AT"
"2934","N36444"
"2935","N694MQ"
"2936","N11176"
"2937","N661DN"
"2938","N422WN"
"2939","N8302F"
"2940","N295WN"
"2941","N5EFAA"
"2942","N910DE"
"2943","N30401"
"2944","N548AS"
"2945","N4YPAA"
"2946","N57852"
"2947","N962WN"
"2948","N676CA"
"2949","N530AA"
"2950","N700UW"
"2951","N891AT"
"2952","N4YSAA"
"2953","N907WN"
"2954","N477WN"
"2955","N8543F"
"2956","N786SW"
"2957","N516LR"
"2958","N234WN"
"2959","N929DN"
"2960","N642MQ"
"2961","N391AA"
"2962","N75433"
"2963","N650MQ"
"2964","N928WN"
"2965","N940WN"
"2966","N155DL"
"2967","N272AT"
"2968","N8960A"
"2969","N440LV"
"2970","N5CEAA"
"2971","N424WN"
"2972","N640AA"
"2973","N8313F"
"2974","N296WN"
"2975","N200PQ"
"2976","N3GHAA"
"2977","N489AA"
"2978","N132EV"
"2979","N526AA"
"2980","N498WN"
"2981","N914DE"
"2982","N7734H"
"2983","N955UW"
"2984","N3CSAA"
"2985","N630WN"
"2986","N551WN"
"2987","N8972E"
"2988","N603AT"
"2989","N960DL"
"2990","N138EV"
"2991","N519LR"
"2992","N693MQ"
"2993","N8532G"
"2994","N393AA"
"2995","N981DL"
"2996","N651MQ"
"2997","N472AA"
"2998","N797MX"
"2999","N201LV"
"3000","N198DN"
"3001","N332NB"
"3002","N161UW"
"3003","N943AT"
"3004","N8665A"
"3005","N197PQ"
"3006","N126UW"
"3007","N511MQ"
"3008","N529AS"
"3009","N916DE"
"3010","N516UA"
"3011","N496AA"
"3012","N3FNAA"
"3013","N396SW"
"3014","N910AT"
"3015","N378DA"
"3016","N6715C"
"3017","N3CPAA"
"3018","N815MQ"
"3019","N603SW"
"3020","N917DE"
"3021","N168AT"
"3022","N549AS"
"3023","N34111"
"3024","N642AA"
"3025","N712SW"
"3026","N346AA"
"3027","N838AW"
"3028","N3EEAA"
"3029","N693SW"
"3030","N3HSAA"
"3031","N805MQ"
"3032","N24202"
"3033","N454WN"
"3034","N731SA"
"3035","N162PQ"
"3036","N5DFAA"
"3037","N522LR"
"3038","N966WN"
"3039","N821AY"
"3040","N913WN"
"3041","N307AS"
"3042","N634MQ"
"3043","N921DL"
"3044","N11199"
"3045","N406WN"
"3046","N8326F"
"3047","N937WN"
"3048","N8587E"
"3049","N555LV"
"3050","N923AT"
"3051","N927XJ"
"3052","N551NW"
"3053","N561AA"
"3054","N903WN"
"3055","N503US"
"3056","N38424"
"3057","N244WN"
"3058","N906MQ"
"3059","N398AA"
"3060","N925AT"
"3061","N611MQ"
"3062","N3732J"
"3063","N421LV"
"3064","N724SW"
"3065","N648MQ"
"3066","N323AS"
"3067","N127UW"
"3068","N11121"
"3069","N111US"
"3070","N584AS"
"3071","N537AA"
"3072","N56859"
"3073","N855MQ"
"3074","N582CA"
"3075","N8560F"
"3076","N519US"
"3077","N424AA"
"3078","N109UW"
"3079","N67052"
"3080","N14950"
"3081","N694DL"
"3082","N808MQ"
"3083","N5CLAA"
"3084","N114UW"
"3085","N268WN"
"3086","N1612T"
"3087","N482AA"
"3088","N824MQ"
"3089","N166PQ"
"3090","N833UA"
"3091","N968DL"
"3092","N952AT"
"3093","N8938A"
"3094","N685DA"
"3095","N13110"
"3096","N353AT"
"3097","N68452"
"3098","N176DZ"
"3099","N911DA"
"3100","N395DN"
"3101","N621SW"
"3102","N14198"
"3103","N14116"
"3104","N17146"
"3105","N523AS"
"3106","N75861"
"3107","N705UW"
"3108","N833MQ"
"3109","N939AT"
"3110","N920WN"
"3111","N292WN"
"3112","N448WN"
"3113","N622MQ"
"3114","N916DL"
"3115","N248WN"
"3116","N261AT"
"3117","N171DN"
"3118","N492UA"
"3119","N607LR"
"3120","N3JVAA"
"3121","N347SW"
"3122","N732US"
"3123","N3DJAA"
"3124","N381AA"
"3125","N984DL"
"3126","N3741S"
"3127","N617SW"
"3128","N741SA"
"3129","N978SW"
"3130","N740SW"
"3131","N326AT"
"3132","N992DL"
"3133","N910WN"
"3134","N951FR"
"3135","N614DL"
"3136","N602MQ"
"3137","N102UW"
"3138","N3HHAA"
"3139","N691WN"
"3140","N6702"
"3141","N508AA"
"3142","N661MQ"
"3143","N261WN"
"3144","N503AA"
"3145","N3JXAA"
"3146","N175DZ"
"3147","N586AA"
"3148","N3DTAA"
"3149","N4YDAA"
"3150","N556UA"
"3151","N338AT"
"3152","N986DL"
"3153","N8307K"
"3154","N598UA"
"3155","N355JB"
"3156","N37471"
"3157","N5EMAA"
"3158","N8745B"
"3159","N6700"
"3160","N806MQ"
"3161","N848MQ"
"3162","N807MQ"
"3163","N292PQ"
"3164","N816MQ"
"3165","N811MQ"
"3166","N354JB"
"3167","N363NB"
"3168","N589UA"
"3169","N311US"
"3170","N605QX"
"3171","N373JB"
"3172","N556WN"
"3173","N724MQ"
"3174","N549UA"
"3175","N3KGAA"
"3176","N770NC"
"3177","N923DN"
"3178","N3KAAA"
"3179","N374JB"
"3180","N763SW"
"3181","N554WN"
"3182","N368JB"
"3183","N156UW"
"3184","N813MQ"
"3185","N698MQ"
"3186","N157UW"
"3187","N169DZ"
"3188","N37419"
"3189","N397AA"
"3190","N191DN"
"3191","N3HTAA"
"3192","N57862"
"3193","N3KYAA"
"3194","N812MQ"
"3195","N154UW"
"3196","N358JB"
"3197","N3KUAA"
"3198","N928LR"
"3199","N551UA"
"3200","N344AT"
"3201","N204FR"
"3202","N187DN"
"3203","N596UA"
"3204","N7746C"
"3205","N178DN"
"3206","N526VA"
"3207","N910FJ"
"3208","N18114"
"3209","N186PQ"
"3210","N330AT"
"3211","N538CA"
"3212","N8321D"
"3213","N568UW"
"3214","N28478"
"3215","N536UA"
"3216","N387AA"
"3217","N804MQ"
"3218","N37474"
"3219","N6705Y"
"3220","N857MQ"
"3221","N504AA"
"3222","N8977A"
"3223","N198UW"
"3224","N782NC"
"3225","N36472"
"3226","N958DL"
"3227","N7741C"
"3228","N3KJAA"
"3229","N904WN"
"3230","N761RR"
"3231","N682MQ"
"3232","N362NB"
"3233","N182DN"
"3234","N190DN"
"3235","N3JYAA"
"3236","N912WN"
"3237","N128UW"
"3238","N925MQ"
"3239","N985DL"
"3240","N507AY"
"3241","N787NC"
"3242","N493WN"
"3243","N3KNAA"
"3244","N924FJ"
"3245","N36476"
"3246","N283AT"
"3247","N684DA"
"3248","N340NW"
"3249","N1604R"
"3250","N521VA"
"3251","N3KSAA"
"3252","N941DL"
"3253","N827JB"
"3254","N606LR"
"3255","N728SW"
"3256","N353AA"
"3257","N650DL"
"3258","N6716C"
"3259","N911DE"
"3260","N3AEAA"
"3261","N639VA"
"3262","N681DA"
"3263","N199UW"
"3264","N793SA"
"3265","N38467"
"3266","N3KVAA"
"3267","N908MQ"
"3268","N641UA"
"3269","N131EV"
"3270","N16065"
"3271","N361VA"
"3272","N684MQ"
"3273","N3KLAA"
"3274","N762NC"
"3275","N909FJ"
"3276","N347AA"
"3277","N169AT"
"3278","N583AS"
"3279","N939DL"
"3280","N502AA"
"3281","N3KEAA"
"3282","N567UW"
"3283","N165US"
"3284","N520AS"
"3285","N676UA"
"3286","N640AW"
"3287","N8328A"
"3288","N773NC"
"3289","N3KCAA"
"3290","N3KKAA"
"3291","N3KWAA"
"3292","N191UW"
"3293","N378SW"
"3294","N121UW"
"3295","N564UA"
"3296","N435WN"
"3297","N8928A"
"3298","N779NC"
"3299","N3LBAA"
"3300","N922FJ"
"3301","N417WN"
"3302","N336AT"
"3303","N27477"
"3304","N772SW"
"3305","N526AS"
"3306","N37470"
"3307","N932WN"
"3308","N419AS"
"3309","N6708D"
"3310","N963UW"
"3311","N313US"
"3312","N492WN"
"3313","N57855"
"3314","N479AA"
"3315","N3KPAA"
"3316","N284WN"
"3317","N972DL"
"3318","N676MQ"
"3319","N39475"
"3320","N713SW"
"3321","N193DN"
"3322","N3KHAA"
"3323","N37468"
"3324","N423AS"
"3325","N37466"
"3326","N6706Q"
"3327","N3CMAA"
"3328","N943DL"
"3329","N314US"
"3330","N557NW"
"3331","N184DN"
"3332","N668MQ"
"3333","N939MQ"
"3334","N8771A"
"3335","N485AA"
"3336","N38473"
"3337","N525VA"
"3338","N929LR"
"3339","N223WN"
"3340","N632SW"
"3341","N151UW"
"3342","N188DN"
"3343","N5FDAA"
"3344","N3KMAA"
"3345","N190UW"
"3346","N8733G"
"3347","N555AA"
"3348","N390HA"
"3349","N550NW"
"3350","N3KTAA"
"3351","N150UW"
"3352","N59053"
"3353","N218FR"
"3354","N416WN"
"3355","N548UA"
"3356","N929DL"
"3357","N628AW"
"3358","N308AT"
"3359","N36469"
"3360","N153UW"
"3361","N926LR"
"3362","N152UW"
"3363","N828JB"
"3364","N316AT"
"3365","N813AY"
"3366","N196DN"
"3367","N766NC"
"3368","N206WN"
"3369","N717SA"
"3370","N658MQ"
"3371","N1200K"
"3372","N933LR"
"3373","N333NB"
"3374","N488WN"
"3375","N932DL"
"3376","N184AT"
"3377","N948WN"
"3378","N643SW"
"3379","N197DN"
"3380","N391HA"
"3381","N779SW"
"3382","N366AA"
"3383","N7811F"
"3384","N956LR"
"3385","N750UW"
"3386","N942WN"
"3387","N739GB"
"3388","N403AA"
"3389","N369AA"
"3390","N5FEAA"
"3391","N569UW"
"3392","N847MQ"
"3393","N57863"
"3394","N771SA"
"3395","N3KRAA"
"3396","N172DZ"
"3397","N914DN"
"3398","N608AT"
"3399","N834MQ"
"3400","N8608N"
"3401","N738CB"
"3402","N192DN"
"3403","N409AS"
"3404","N75853"
"3405","N534UW"
"3406","N834JB"
"3407","N122US"
"3408","N784NC"
"3409","N179DN"
"3410","N534US"
"3411","N3742C"
"3412","N255WN"
"3413","N279AT"
"3414","N263WN"
"3415","N8609A"
"3416","N524AS"
"3417","N375AA"
"3418","N8942A"
"3419","N189DN"
"3420","N147PQ"
"3421","N155UW"
"3422","N558AA"
"3423","N643MQ"
"3424","N517AS"
"3425","N665UA"
"3426","N683DA"
"3427","N119US"
"3428","N967UW"
"3429","N928MQ"
"3430","N172DN"
"3431","N225WN"
"3432","N677MQ"
"3433","N7732A"
"3434","N413AS"
"3435","N958AT"
"3436","N914FJ"
"3437","N8325D"
"3438","N6709"
"3439","N969WN"
"3440","N802MQ"
"3441","N77867"
"3442","N7724A"
"3443","N7812G"
"3444","N3KDAA"
"3445","N689MQ"
"3446","N625MQ"
"3447","N920FJ"
"3448","N856NW"
"3449","N278AT"
"3450","N435US"
"3451","N3KXAA"
"3452","N656UA"
"3453","N6713Y"
"3454","N547UA"
"3455","N968WN"
"3456","N514MJ"
"3457","N931LR"
"3458","N195PQ"
"3459","N908WN"
"3460","N194DN"
"3461","N538AS"
"3462","N606SW"
"3463","N902FJ"
"3464","N707EV"
"3465","N282WN"
"3466","N604MQ"
"3467","N907FJ"
"3468","N368AA"
"3469","N306AS"
"3470","N8721B"
"3471","N8616C"
"3472","N457WN"
"3473","N666UA"
"3474","N3KBAA"
"3475","N644UA"
"3476","N671MQ"
"3477","N923FJ"
"3478","N285AT"
"3479","N267WN"
"3480","N8602F"
"3481","N154DL"
"3482","N392HA"
"3483","N927LR"
"3484","N200WN"
"3485","N175AT"
"3486","N706SW"
"3487","N171DZ"
"3488","N8303R"
"3489","N822MQ"
"3490","N174DN"
"3491","N794SW"
"3492","N817MQ"
"3493","N1603"
"3494","N412WN"
"3495","N522US"
"3496","N915FJ"
"3497","N615SW"
"3498","N295AT"
"3499","N8610A"
"3500","N217JC"
"3501","N69804"
"3502","N810AW"
"3503","N903FJ"
"3504","N919AT"
"3505","N623AA"
"3506","N945DN"
"3507","N303AS"
"3508","N918FJ"
"3509","N512AS"
"3510","N673DL"
"3511","N105UW"
"3512","N549AA"
"3513","N375SW"
"3514","N276AT"
"3515","N177DZ"
"3516","N974AT"
"3517","N795SW"
"3518","N393HA"
"3519","N919FJ"
"3520","N905MQ"
"3521","N440US"
"3522","N7744A"
"3523","N376AA"
"3524","N240AT"
"3525","N939LR"
"3526","N431AS"
"3527","N5CHAA"
"3528","N945WN"
"3529","N821MQ"
"3530","N916FJ"
"3531","N616MQ"
"3532","N687MQ"
"3533","N906FJ"
"3534","N367AA"
"3535","N854NW"
"3536","N814MQ"
"3537","N828MH"
"3538","N646MQ"
"3539","N620SW"
"3540","N663UA"
"3541","N780NC"
"3542","N615DL"
"3543","N199DN"
"3544","N608MQ"
"3545","N839MH"
"3546","N293PQ"
"3547","N809NW"
"3548","N379AA"
"3549","N749SW"
"3550","N910DN"
"3551","N522VA"
"3552","N8606C"
"3553","N941UW"
"3554","N649MQ"
"3555","N3KFAA"
"3556","N177DN"
"3557","N256WN"
"3558","N831MQ"
"3559","N935MQ"
"3560","N652MQ"
"3561","N73860"
"3562","N512MJ"
"3563","N718SW"
"3564","N68801"
"3565","N621MQ"
"3566","N434US"
"3567","N594NW"
"3568","N279PQ"
"3569","N697SW"
"3570","N433AS"
"3571","N375JB"
"3572","N633AW"
"3573","N813SK"
"3574","N663MQ"
"3575","N501MJ"
"3576","N8615E"
"3577","N662MQ"
"3578","N529VA"
"3579","N294PQ"
"3580","N774NC"
"3581","N684WN"
"3582","N272PQ"
"3583","N942LR"
"3584","N295PQ"
"3585","N8612K"
"3586","N69806"
"3587","N637SW"
"3588","N602SW"
"3589","N553NW"
"3590","N912FJ"
"3591","N692MQ"
"3592","N627SW"
"3593","N665WN"
"3594","N647SW"
"3595","N571UW"
"3596","N625SW"
"3597","N568UA"
"3598","N358SW"
"3599","N655UA"
"3600","N570UW"
"3601","N935LR"
"3602","N764NC"
"3603","N346SW"
"3604","N911FJ"
"3605","N904DA"
"3606","N633SW"
"3607","N8986B"
"3608","N531US"
"3609","N849MQ"
"3610","N66803"
"3611","N953DN"
"3612","N827MQ"
"3613","N622SW"
"3614","N645SW"
"3615","N68802"
"3616","N392AA"
"3617","N938LR"
"3618","N691MQ"
"3619","N8617E"
"3620","N183DN"
"3621","N611SW"
"3622","N376SW"
"3623","N786NC"
"3624","N68805"
"3625","N695MQ"
"3626","N637MQ"
"3627","N359AA"
"3628","N961DN"
"3629","N657UA"
"3630","N907MQ"
"3631","N372AA"
"3632","N664MQ"
"3633","N8320J"
"3634","N378AA"
"3635","N156DL"
"3636","N439US"
"3637","N450UW"
"3638","N527VA"
"3639","N629MQ"
"3640","N296PQ"
"3641","N8614M"
"3642","N693CA"
"3643","N941MQ"
"3644","N389AA"
"3645","N363SW"
"3646","N355SW"
"3647","N382AA"
"3648","N925FJ"
"3649","N371SW"
"3650","N659UA"
"3651","N618WN"
"3652","N8618N"
"3653","N5CNAA"
"3654","N365SW"
"3655","N3LAAA"
"3656","N610WN"
"3657","N852MQ"
"3658","N440AS"
"3659","N657SW"
"3660","N367SW"
"3661","N644SW"
"3662","N941DN"
"3663","N820MQ"
"3664","N356SW"
"3665","N933MQ"
"3666","N309AT"
"3667","N652UA"
"3668","N8613K"
"3669","N435AS"
"3670","N374SW"
"3671","N386SW"
"3672","N803SK"
"3673","N685SW"
"3674","N299AT"
"3675","N682DA"
"3676","N8601C"
"3677","N653SW"
"3678","N674MQ"
"3679","N8603F"
"3680","N881AS"
"3681","N640SW"
"3682","N395HA"
"3683","N8619F"
"3684","N649SW"
"3685","N915DN"
"3686","N245AY"
"3687","N395SW"
"3688","N802AW"
"3689","N427US"
"3690","N66808"
"3691","N746SK"
"3692","N8607M"
"3693","N368SW"
"3694","N844MQ"
"3695","N7AYAA"
"3696","N932LR"
"3697","N8317M"
"3698","N775NC"
"3699","N297PQ"
"3700","N659SW"
"3701","N934FJ"
"3702","N697MQ"
"3703","N8301J"
"3704","N5DLAA"
"3705","N345SA"
"3706","N8620H"
"3707","N687SW"
"3708","N298PQ"
"3709","N928DN"
"3710","N686MQ"
"3711","N273AT"
"3712","N369SW"
"3713","N319AS"
"3714","N299PQ"
"3715","N373SW"
"3716","N930LR"
"3717","N387SW"
"3718","N354SW"
"3719","N352SW"
"3720","N372SW"
"3721","N8314L"
"3722","N442AS"
"3723","N613SW"
"3724","N690MQ"
"3725","N360SW"
"3726","N57016"
"3727","N670MQ"
"3728","N8621A"
"3729","N902DA"
"3730","N829MH"
"3731","N662SW"
"3732","N173AT"
"3733","N5DHAA"
"3734","N958DN"
"3735","N337AT"
"3736","N7715E"
"3737","N379SW"
"3738","N340LV"
"3739","N388SW"
"3740","N1501P"
"3741","N903JB"
"3742","N533US"
"3743","N848AS"
"3744","N7AAAA"
"3745","N908FJ"
"3746","N907JB"
"3747","N392SW"
"3748","N68807"
"3749","N900EV"
"3750","N665MQ"
"3751","N913FJ"
"3752","N824AW"
"3753","N3LEAA"
"3754","N626SW"
"3755","N858AS"
"3756","N913JB"
"3757","N221FR"
"3758","N905FJ"
"3759","N871AS"
"3760","N840AS"
"3761","N511SW"
"3762","N678MQ"
"3763","N572UW"
"3764","N870AS"
"3765","N3LGAA"
"3766","N928EV"
"3767","N660SW"
"3768","N683BR"
"3769","N669SW"
"3770","N834AW"
"3771","N525SW"
"3772","N64809"
"3773","N655WN"
"3774","N3LFAA"
"3775","N7713A"
"3776","N399WN"
"3777","N394SW"
"3778","N514AS"
"3779","N926EV"
"3780","N7BMAA"
"3781","N640MQ"
"3782","N3LDAA"
"3783","N696MQ"
"3784","N647DL"
"3785","N528AS"
"3786","N457UW"
"3787","N5FBAA"
"3788","N77012"
"3789","N5DAAA"
"3790","N455UW"
"3791","N593AS"
"3792","N532AS"
"3793","N627AW"
"3794","N32626"
"3795","N459UW"
"3796","N516AA"
"3797","N569AS"
"3798","N519AS"
"3799","N506AA"
"3800","N614SW"
"3801","N910FR"
"3802","N391SW"
"3803","N289AT"
"3804","N590AS"
"3805","N850MQ"
"3806","N842MH"
"3807","N863DA"
"3808","N629SW"
"3809","N906DA"
"3810","D942DN"
"3811","N694SW"
"3812","N530AS"
"3813","N638SW"
"3814","N562AS"
"3815","N7AEAA"
"3816","N552NW"
"3817","N419US"
"3818","N858MQ"
"3819","N7ACAA"
"3820","N302AS"
"3821","N59630"
"3822","N585AS"
"3823","N7AXAA"
"3824","N851MQ"
"3825","N907DA"
"3826","N600WN"
"3827","N941FR"
"3828","N350SW"
"3829","N830MQ"
"3830","N5DKAA"
"3831","N919DN"
"3832","N7BAAA"
"3833","N624SW"
"3834","N612SW"
"3835","N566AS"
"3836","N366SW"
"3837","N1607B"
"3838","N959DN"
"3839","N830AW"
"3840","N350AA"
"3841","N581AS"
"3842","N1610D"
"3843","N663SW"
"3844","N7BVAA"
"3845","N661UA"
"3846","N626MQ"
"3847","N532US"
"3848","N206UA"
"3849","N814AW"
"3850","N675MQ"
"3851","N549US"
"3852","N660UA"
"3853","N587AS"
"3854","N580AA"
"3855","N309AS"
"3856","N136DL"
"3857","N717MQ"
"3858","N384SW"
"3859","N507US"
"3860","N608DA"
"3861","N738MQ"
"3862","N8611F"
"3863","N720MQ"
"3864","N530US"
"3865","N905DA"
"3866","N626AW"
"3867","N570AS"
"3868","N634SW"
"3869","N501US"
"3870","N7ASAA"
"3871","N932DN"
"3872","N328AT"
"3873","N735MQ"
"3874","N559AS"
"3875","N318AS"
"3876","N963DN"
"3877","N651UA"
"3878","N516AS"
"3879","N5EDAA"
"3880","N78013"
"3881","N5DJAA"
"3882","N831MH"
"3883","N7ALAA"
"3884","N750AT"
"3885","N8605E"
"3886","N721MQ"
"3887","N7BGAA"
"3888","N647UA"
"3889","N453UW"
"3890","N5ESAA"
"3891","N632AW"
"3892","N527AS"
"3893","N601WN"
"3894","N456UW"
"3895","N315AT"
"3896","N441US"
"3897","N525AS"
"3898","N670SW"
"3899","N646UA"
"3900","N964DN"
"3901","N530VA"
"3902","N838MQ"
"3903","N650SW"
"3904","N524VA"
"3905","N921FJ"
"3906","N631AW"
"3907","N757AT"
"3908","N442US"
"3909","N586AS"
"3910","N653UA"
"3911","N502SW"
"3912","N903DA"
"3913","N777NC"
"3914","N917FJ"
"3915","N670US"
"3916","N527SW"
"3917","N944DN"
"3918","N508SW"
"3919","N836AW"
"3920","N521SW"
"3921","N394DL"
"3922","N515SW"
"3923","N451UW"
"3924","N351NB"
"3925","N777UA"
"3926","N917DN"
"3927","N522SW"
"3928","N675MC"
"3929","N510SW"
"3930","N523SW"
"3931","N315AS"
"3932","N287AT"
"3933","N528VA"
"3934","N943DN"
"3935","N512SW"
"3936","N649UA"
"3937","N7BKAA"
"3938","N526SW"
"3939","N524SW"
"3940","N78003"
"3941","N920DN"
"3942","N846AS"
"3943","N956DN"
"3944","N960DN"
"3945","N937DN"
"3946","N955DN"
"3947","N514SW"
"3948","N27901"
"3949","N827AW"
"3950","N825MH"
"3951","N328NB"
"3952","N625AW"
"3953","N600TR"
"3954","N654UA"
"3955","N137DL"
"3956","N800MQ"
"3957","N539US"
"3958","N361SW"
"3959","N828AW"
"3960","N648SW"
"3961","N921DN"
"3962","N330NB"
"3963","N787UA"
"3964","N7CAAA"
"3965","N622AW"
"3966","N534AS"
"3967","N354NB"
"3968","N838MH"
"3969","N913EV"
"3970","N820AW"
"3971","N564AS"
"3972","N809AW"
"3973","N427SW"
"3974","N595NW"
"3975","N837MH"
"3976","N398SW"
"3977","N608SW"
"3978","N648UA"
"3979","N826MH"
"3980","N331NB"
"3981","N826AW"
"3982","N587NW"
"3983","N352NB"
"3984","N817AW"
"3985","N948FR"
"3986","N547US"
"3987","N862DA"
"3988","N851NW"
"3989","N834MH"
"3990","N819AW"
"3991","N962DN"
"3992","N823MQ"
"3993","N827MH"
"3994","N844MH"
"3995","N939DN"
"3996","N841MH"
"3997","N913DN"
"3998","N121DE"
"3999","N153DL"
"4000","N845MH"
"4001","N918DH"
"4002","N815AW"
"4003","N536AS"
"4004","N616SW"
"4005","N835AW"
"4006","N940UW"
"4007","N5FCAA"
"4008","N904FJ"
"4009","N5ERAA"
"4010","N957DN"
"4011","N840MH"
"4012","N228UA"
"4013","N654MQ"
"4014","N789SK"
"4015","N152DL"
"4016","N790SK"
"4017","N843MH"
"4018","N797SK"
"4019","N762SK"
"4020","N933DN"
"4021","N768SK"
"4022","N795SK"
"4023","N780SK"
"4024","N143DA"
"4025","N740SK"
"4026","N726SK"
"4027","N705SK"
"4028","N728SK"
"4029","N824AS"
"4030","N702SK"
"4031","N560AS"
"4032","N778SK"
"4033","N922EV"
"4034","N710SK"
"4035","N647MQ"
"4036","N794SK"
"4037","N636WN"
"4038","N701SK"
"4039","N760SK"
"4040","N766SK"
"4041","N772SK"
"4042","N776SK"
"4043","N785SK"
"4044","N557AS"
